<?xml version="1.0" encoding="utf-8"?>
<EventContainer xmlns:xsi="http://www.w3.org/2001/XMLSchema-instance" xmlns:xsd="http://www.w3.org/2001/XMLSchema">
	<Events>
		<Event EventName="AquariumEvent" BuildingName="SeaWorld" UserEventName="Aquarium Show" Capacity="300" LengthInHours="3">
			
			<ChanceOfAttendingPercentage>
				<Males>80</Males>
				<Females>80</Females>
				
				<Children>100</Children>
				<Teens>30</Teens>
				<YoungAdults>20</YoungAdults>
				<Adults>100</Adults>
				<Seniors>20</Seniors>
				
				<LowWealth>10</LowWealth>
				<MediumWealth>100</MediumWealth>
				<HighWealth>70</HighWealth>
				
				<Uneducated>5</Uneducated>
				<OneSchool>80</OneSchool>
				<TwoSchools>100</TwoSchools>
				<ThreeSchools>100</ThreeSchools>
				
				<BadHappiness>0</BadHappiness>
				<PoorHappiness>30</PoorHappiness>
				<GoodHappiness>80</GoodHappiness>				
				<ExcellentHappiness>100</ExcellentHappiness>
				<SuperbHappiness>100</SuperbHappiness>
				
				<VeryUnhappyWellbeing>0</VeryUnhappyWellbeing>
				<UnhappyWellbeing>10</UnhappyWellbeing>
				<SatisfiedWellbeing>50</SatisfiedWellbeing>
				<HappyWellbeing>100</HappyWellbeing>
				<VeryHappyWellbeing>100</VeryHappyWellbeing>
			</ChanceOfAttendingPercentage>
			
			<Costs>
				<EntryCost>40</EntryCost>
			</Costs>
			
		</Event>
	</Events>
</EventContainer>